alarm;81564
free;71490
and;68918
dryer;64034
on;63875
hot;60128
parking;56793
coffee;55098
in;52495
water;52267
allowed;49792
wifi;45320
smoke;42813
kitchen;41660
private;41314
u2013;41062
maker;39199
carbon;38751
monoxide;38751
heating;36956
essentials;36836
premises;36816
air;36444
conditioning;36079
washer;35834
dining;35512
tv;35450
fire;35286
outdoor;34971
hangers;34301
hair;33009
shampoo;32056
refrigerator;31875
iron;30803
silverware;30642
dishes;30642
microwave;30097
bed;29615
linens;29613
cooking;29513
basics;29511
extinguisher;28234
clothing;26879
stove;26562
workspace;26447
dedicated;26447
oven;26210
self;24971
check;24970
aid;24556
first;24457
kit;24446
cleaning;24045
table;23957
extra;22675
property;21900
long;21692
storage;21688
street;21618
stays;21120
term;21119
blankets;20877
pillows;20877
security;20284
cameras;20272
exterior;20272
entrance;20111
body;20026
soap;19991
shower;19923
dishwasher;19636
freezer;19293
conditioner;19198
products;19043
or;19007
central;18813
patio;18523
balcony;18523
toaster;18503
gel;18121
unit;18036
bathtub;17699
kettle;17622
wine;17074
glasses;17052
pets;16138
room;16078
backyard;15300
area;14850
furniture;14497
darkening;14473
shades;14473
available;13756
pool;13656
view;13518
lock;13499
grill;13431
bbq;13429
closet;13241
single;11865
with;11854
sheet;11481
baking;11481
building;11391
shared;11337
paid;11186
fireplace;10784
level;10783
dropoff;10759
luggage;10759
gas;10292
blender;10214
books;10193
crib;9834
home;9605
indoor;9118
keypad;9111
stainless;9038
steel;9008
beach;8958
portable;8382
lockbox;8066
ceiling;8046
fan;8043
system;7983
tub;7904
nearby;7853
laundromat;7665
fully;7604
fenced;7603
door;7410
hdtv;7395
bedroom;7370
reading;7155
material;7155
utensils;6440
barbecue;6440
children;6427
for;6213
inch;6160
smart;6144
u2019s;6090
pit;6084
elevator;6065
games;6064
cable;6008
connection;5841
ethernet;5838
equipment;5747
exercise;5747
gym;5725
machine;5713
fans;5537
board;5248
standard;5227
rack;5191
drying;5191
stay;5042
travel;5034
during;5029
play;5009
pack;5006
u2019n;5006
mini;4942
keurig;4873
access;4856
dresser;4845
fridge;4726
drip;4463
netflix;4455
type;4381
split;4380
ductless;4378
rice;4333
high;4023
ac;3997
la;3988
chair;3988
you;3857
sun;3835
host;3830
greets;3828
city;3818
loungers;3786
sound;3635
at;3584
2;3573
request;3492
upon;3488
los;3304
toys;3265
walk;3263
angeles;3171
amazon;3015
video;2970
prime;2970
guards;2951
ev;2857
charger;2856
safe;2836
dinnerware;2771
south;2717
window;2698
mbps;2662
1;2644
garden;2644
compactor;2634
trash;2634
beachfront;2593
roku;2540
fast;2504
hollywood;2445
hours;2424
all;2424
mountain;2403
garage;2399
year;2370
old;2316
electric;2312
skyline;2268
space;2245
years;2235
off;2203
open;2181
hulu;2155
driveway;2134
park;2024
bidet;2019
u00a0in;1964
the;1947
baby;1900
housekeeping;1876
wardrobe;1863
heater;1845
cost;1797
always;1784
listing;1782
smoking;1779
max;1715
hbo;1714
staff;1701
apple;1695
breakfast;1692
mid;1687
spaces;1663
recommendations;1645
babysitter;1645
hills;1640
disney;1631
monitors;1564
noise;1562
decibel;1562
piano;1545
bluetooth;1534
5;1494
downtown;1450
55;1444
net;1400
mosquito;1400
venice;1387
west;1305
french;1274
samsung;1268
nespresso;1266
press;1248
bikes;1235
specific;1234
courtyard;1225
valley;1218
north;1166
outlet;1125
covers;1125
24;1113
hammock;1103
65;1097
living;1062
player;1051
ocean;1015
bath;990
lake;985
10;977
dove;970
yoga;956
ages;955
mat;954
bread;952
over;932
pour;927
weights;914
waterfront;913
ge;909
game;860
console;849
wilshire;846
ping;837
pong;837
sauna;819
premium;814
espresso;804
not;800
50;793
resort;785
kitchenette;764
heated;744
day;736
record;729
residential;724
whirlpool;721
standalone;702
radiant;701
pocket;674
double;664
lg;661
playground;652
gates;650
safety;648
del;622
theater;617
movie;611
rey;607
frigidaire;606
east;604
cambridge;599
wood;593
00;592
burning;590
s;584
0;573
village;565
every;555
changing;542
chromecast;537
arcade;532
santa;517
monica;508
playa;505
pantene;502
beverly;500
silver;500
woodland;499
theme;491
bike;475
stationary;475
sonos;467
pico;465
to;462
oaks;453
sherman;450
other;450
westwood;441
size;433
aux;429
westlake;422
playroom;412
redondo;407
echo;403
3;393
lot;391
charcoal;390
westchester;386
from;375
u202fam;370
studio;369
induction;369
treadmill;368
robertson;367
life;355
pasadena;354
viking;352
a;343
heights;341
malibu;339
carport;338
nuys;333
van;333
u202fpm;324
dvd;318
northeast;316
district;315
bay;314
folding;309
convertible;309
60;305
crest;303
golf;300
el;298
only;297
40;295
42;294
public;290
monitor;287
goods;286
bel;284
4;283
san;281
corner;281
garvey;279
koreatown;275
tesla;275
43;270
elliptical;267
canyon;267
vista;266
32;265
sea;265
bench;264
workout;264
75;260
harbor;259
mar;258
westside;256
culver;254
sink;250
marina;237
northridge;226
montebello;223
kirkland;220
kenmore;217
alhambra;217
bar;213
reseda;212
torrance;208
saltwater;207
gateway;201
washington;201
seasonally;199
topanga;198
trader;198
burbank;194
organic;189
ginger;188
lily;186
palms;185
belmont;183
suave;180
thermador;177
brentwood;175
farms;171
fairfax;171
bosch;169
generic;168
encino;168
kitchenaid;167
wolf;163
70;162
center;155
various;154
highland;154
30;153
brand;153
lap;151
9;150
laurel;150
glendale;149
eco;148
tarzana;146
joe;146
rooftop;143
balboa;140
pacific;140
week;139
varies;135
residence;135
jumeirah;135
union;132
miele;131
xbox;131
pedro;131
canoga;131
northwest;131
8;130
hawthorne;130
walnut;127
native;126
sunset;125
desert;125
warner;125
seat;124
kayak;124
wash;123
rock;122
porto;121
gabriel;120
rancho;120
glen;119
melrose;117
little;116
italy;116
adams;115
48;114
alamitos;109
bose;109
ranch;108
of;107
one;106
tropico;105
aesop;105
montana;105
shore;103
lamanda;102
eagle;101
hermosa;101
feliz;101
inglewood;101
organics;99
manhattan;99
ps4;98
45;97
palisades;97
olay;97
6;96
rowing;96
country;95
head;93
tri;91
business;91
days;91
booster;90
windsor;89
canal;89
university;88
lincoln;88
paya;87
le;86
ice;85
85;84
58;82
vineyard;81
terrace;81
mclaughlin;81
winnetka;81
webster;79
cover;79
grandview;78
similar;78
tresemme;78
valencia;77
brands;77
labo;77
11;76
course;76
avalon;75
mount;75
eastside;74
mcmanus;74
nintendo;74
irvine;73
zero;73
100;72
vegan;71
newhall;71
chatsworth;70
ironing;70
linden;70
speaker;70
tea;69
infinity;69
dr;69
sub;69
flats;67
ski;67
bertazzoni;66
ps5;64
altadena;64
glassell;64
fox;63
alexa;63
hill;63
monday;62
valet;61
eo;61
arcadia;61
shoulders;61
monterey;60
covina;60
grove;59
7;57
palos;57
carson;57
general;57
verdes;57
arts;56
lawndale;56
eastern;55
52;55
neutrogena;55
monrovia;55
natural;55
baldwin;54
pure;54
nexxus;54
segundo;54
catalina;53
villas;53
maytag;53
80;52
essential;52
art;52
joes;52
strip;51
46;51
ontario;51
atwater;51
side;51
hotel;50
oak;50
greater;50
whittier;50
herbal;49
sized;49
360;49
azusa;49
gated;49
wall;49
switch;49
36;48
burner;48
oil;48
fisher;48
speakers;47
sylmar;47
72;47
costco;47
sony;47
aeg;47
bluff;47
subzero;45
alliance;44
monte;44
56;44
sawtelle;44
alley;44
sulfate;44
fernwood;44
bowling;44
mission;44
granada;44
n;43
charter;43
oils;43
tree;43
liquid;43
boat;43
12;42
slip;42
climbing;42
toluca;42
l;41
arroyo;41
moisture;41
batting;41
cage;41
magnolia;41
sylvia;40
olympic;40
beekman;40
estates;40
magic;40
grand;39
temple;39
paykel;39
playhouse;39
aveeno;39
cruelty;39
series;39
saugus;39
mulwood;39
top;38
full;38
47;38
whole;38
everyone;38
small;38
jenn;38
cafe;38
lomita;37
new;37
arlington;37
puracy;37
out;37
river;37
tujunga;36
terra;36
pro;36
sparr;36
peninsula;36
treseme;35
green;35
chef;35
clarkdale;35
western;35
pass;34
botanicals;34
google;34
carlson;34
clamp;34
boyle;34
cahuenga;34
ridge;34
citrus;34
riviera;34
365;33
argan;33
foods;33
amenities;33
o;32
alaffia;32
wrigley;32
shoulder;32
h2o;32
bassett;32
saturday;32
essence;32
projector;32
convection;31
lucerne;31
screen;31
bronner;31
honest;31
edison;31
higuera;31
gardena;31
seats;31
panorama;31
fragrance;31
downey;30
love;30
amana;30
skate;30
ramp;30
bronners;30
u00e9;30
any;30
x;29
lakewood;29
tresemm;29
electrolux;29
jennair;29
no;29
luxury;29
your;29
anaheim;29
jbl;29
marshall;29
different;29
v;28
multiple;28
northside;28
hermes;28
media;28
friday;28
range;28
verdugo;27
bixby;27
vintage;27
own;27
moisturizing;27
whirpool;27
laser;27
conant;27
tag;27
wednesday;26
jamacha;26
willmore;26
ivory;26
planet;26
malin;26
paraben;26
haier;26
good;25
54;25
wii;25
method;25
coconut;25
complex;25
beauty;25
friendly;24
paul;24
yamaha;24
fryer;24
riverside;24
professional;24
smeg;24
norwalk;24
square;24
poly;24
shea;24
glendora;23
goetz;23
aveda;23
castle;23
newport;23
hastings;22
rose;22
southwest;22
86;22
hockey;22
hunter;22
pacoima;22
by;22
insignia;22
mitchell;22
ps3;22
sunday;22
sunland;22
large;22
spa;22
soundbar;21
montrose;21
bergman;21
44;21
california;21
57;21
town;21
dial;21
cellar;21
oreal;21
madrona;21
thor;21
circle;21
jason;21
monogram;21
ikea;21
well;20
keefe;20
profile;20
altos;20
crescenta;20
49;20
62;20
denon;20
rink;20
wet;20
is;20
garnier;20
we;20
mariposa;20
cooktop;20
slide;20
century;20
120;20
woodlands;20
w;19
224;19
dacor;19
coast;19
surround;19
27;19
90;19
phillips;19
filtered;19
court;19
thursday;19
mesa;19
cerritos;19
kelly;19
gaggenau;19
ethanol;19
traffic;18
28;18
51;18
77;18
hanchett;18
merritt;18
nexus;18
kardon;18
collection;18
raw;18
sereno;18
shasta;18
manager;18
vizio;17
southeast;17
supply;17
therapy;17
company;17
flintridge;17
naples;17
canada;17
sauve;17
black;17
sugar;17
variety;17
rivera;17
costa;17
galanz;17
soaps;17
bellflower;17
care;17
equivalent;17
botanical;16
343;16
39;16
82;16
lavender;16
lyon;16
jefferson;16
that;16
na;16
dallas;16
blue;16
based;16
beverlywood;16
farm;16
morocco;16
breville;16
zeroderm;15
provide;15
unknown;15
skin;15
364;15
35;15
cuisinart;15
53;15
guest;15
know;15
infuse;15
kiehl;15
sensitive;15
austin;15
kiehls;15
lenox;15
alba;15
plant;15
wedgewood;14
knolls;14
have;14
larchmont;14
stewarts;14
madison;14
83;14
gorgonio;14
toiletries;14
bring;14
sure;14
h20;14
if;14
it;14
brush;14
fridgidaire;14
universal;14
calabasas;14
corridor;14
187;14
manor;13
house;13
frigidare;13
lather;13
359;13
34;13
38;13
signature;13
summit;13
irish;13
great;13
salon;13
porter;13
4th;13
merrit;13
point;13
please;13
polk;13
rolling;13
corona;13
more;13
countertop;13
artcraft;13
nivea;13
puente;13
101;13
i;12
avanti;12
229;12
240;12
clearwater;12
milk;12
retro;12
don;12
zline;12
men;12
quality;12
20;12
25;12
33;12
37;12
41;12
81;12
88;12
lynwood;12
white;12
tropical;12
tuesday;12
cove;12
westdale;12
something;12
harman;12
hillside;12
works;12
plaza;12
control;12
125;12
phosphate;12
watts;11
pioneer;11
elysian;11
essences;11
gallery;11
island;11
maywood;11
dispenser;11
misc;11
dot;11
355;11
spring;11
walteria;11
dorado;11
eastvale;11
biotin;11
cu;11
ft;11
cosmo;11
counter;11
gate;11
luseta;11
florence;11
somerset;11
airfryer;11
shadow;11
downs;11
blanco;11
manchester;11
local;11
refill;11
soapbox;11
plate;11
140;11
161;11
provided;10
250;10
giovanni;10
kevin;10
pharmacopia;10
foosball;10
signal;10
334;10
335;10
358;10
366;10
370;10
arleta;10
hotpoint;10
87;10
89;10
basketball;10
near;10
rich;10
rosemead;10
442;10
klipsch;10
yorktown;10
malaga;10
airplay;10
panteen;10
leimert;10
glenwood;10
kitchenaide;10
parabens;10
lower;10
starter;10
massage;10
loreal;10
elite;10
clean;10
boom;10
murphy;10
scent;10
audio;10
types;10
d;9
t;9
others;9
219;9
222;9
239;9
two;9
built;9
wireless;9
brown;9
usually;9
300;9
306;9
use;9
blend;9
sunkist;9
344;9
348;9
351;9
353;9
29;9
31;9
388;9
59;9
63;9
64;9
92;9
93;9
99;9
montecito;9
alondra;9
clemente;9
end;9
bliss;9
nob;9
be;9
random;9
rainbath;9
pura;9
our;9
miradero;9
marais;9
willard;9
basic;9
almond;9
tennis;9
sustainable;9
highlands;9
grande;9
subwoofer;9
hisense;9
semme;9
casa;9
compton;9
original;9
homepod;9
necessaire;9
fresh;9
pacifica;9
burners;9
can;9
willow;8
castile;8
las;8
200;8
213;8
221;8
223;8
246;8
initial;8
malibou;8
mint;8
under;8
317;8
325;8
341;8
345;8
349;8
357;8
15;8
18;8
361;8
368;8
many;8
bars;8
base;8
94;8
95;8
brickell;8
need;8
ingredients;8
nest;8
non;8
acure;8
greenbriar;8
gilchrist;8
time;8
awhile;8
cucumber;8
combo;8
soames;8
complimentary;8
tingle;8
sanford;8
tract;8
colonia;8
cypress;8
sacramento;8
are;8
hayden;8
moorpark;8
wilmington;8
aloe;8
cruz;8
guests;8
historic;8
lemongrass;8
big;8
102;8
115;8
122;8
147;8
177;8
graham;8
sulfates;7
after;7
c;7
215;7
226;7
227;7
249;7
phthalates;7
renpure;7
dcs;7
chestnut;7
club;7
paradise;7
houston;7
302;7
309;7
315;7
316;7
327;7
330;7
333;7
337;7
338;7
339;7
mango;7
342;7
keratin;7
354;7
356;7
19;7
362;7
363;7
369;7
palmolive;7
382;7
74;7
76;7
78;7
96;7
music;7
forest;7
hermon;7
411;7
fridgedaire;7
spice;7
etc;7
440;7
495;7
classic;7
evoque;7
jenair;7
tooth;7
fort;7
vera;7
ud83d;7
ogx;7
re;7
lilly;7
bodywash;7
force;7
empava;7
ps2;7
tres;7
rosemary;7
jolla;7
best;7
sherwood;7
inside;7
harmon;7
steam;7
trousdale;7
meyer;7
mutual;7
aussie;7
madre;7
target;7
axe;7
ovens;7
set;7
sierra;7
109;7
114;7
fridgidare;7
134;7
ken;7
viejo;7
store;7
146;7
but;7
buy;7
151;7
166;7
179;7
189;7
bespoke;7
independencia;7
hand;6
product;6
tre;6
207;6
214;6
218;6
228;6
230;6
233;6
each;6
263;6
u2019t;6
270;6
277;6
glass;6
291;6
feldheym;6
glenoaks;6
vissani;6
oasis;6
castille;6
apartment;6
sodium;6
u4e09;6
303;6
308;6
usb;6
311;6
318;6
328;6
orange;6
352;6
14;6
22;6
molton;6
wailea;6
star;6
384;6
398;6
61;6
66;6
68;6
formula;6
kihei;6
91;6
mrs;6
selection;6
logan;6
panasonic;6
springs;6
hollyglen;6
esa;6
forno;6
453;6
464;6
468;6
472;6
487;6
girl;6
neutragena;6
nourishing;6
co;6
511;6
536;6
plug;6
legacy;6
device;6
connected;6
aqua;6
honey;6
fructis;6
seaside;6
fremont;6
2in1;6
input;6
occitane;6
toster;6
clear;6
u2019oreal;6
logitech;6
radio;6
hour;6
rudy;6
u00ae;6
doors;6
mirador;6
iii;6
udd4a;6
rush;6
riverview;6
ouai;6
appliances;6
botanics;6
ufe0f;6
sourced;6
stereo;6
u661f;6
pantine;6
synthetic;6
103;6
104;6
111;6
119;6
124;6
127;6
135;6
150;6
156;6
163;6
z407;6
172;6
fridgaire;6
normal;6
182;6
lauderdale;6
peppermint;5
v05;5
pellet;5
209;5
211;5
217;5
tustin;5
232;5
237;5
huntington;5
260;5
265;5
icemaker;5
278;5
281;5
286;5
287;5
289;5
290;5
294;5
295;5
297;5
298;5
computer;5
compact;5
london;5
made;5
dupont;5
301;5
304;5
newbury;5
davines;5
310;5
313;5
314;5
323;5
326;5
331;5
336;5
340;5
367;5
371;5
385;5
67;5
69;5
refrigerators;5
71;5
73;5
84;5
97;5
arbutus;5
orchard;5
stovetop;5
yardley;5
companion;5
402;5
holiday;5
immersive;5
435;5
443;5
452;5
drawer;5
460;5
465;5
467;5
474;5
475;5
480;5
portland;5
panten;5
tranquility;5
willowbrook;5
section;5
crenshaw;5
designer;5
byredo;5
500;5
508;5
517;5
bathroom;5
526;5
529;5
535;5
irwindale;5
me;5
plus;5
pc;5
thermadore;5
ue;5
quail;5
daly;5
erewhon;5
biosilk;5
get;5
power;5
core;5
line;5
will;5
paramount;5
scottsdale;5
oster;5
walmart;5
decker;5
meyers;5
blair;5
nuskin;5
sovana;5
culture;5
nido;5
pentene;5
804;5
dual;5
inputs;5
cusimax;5
name;5
arbonne;5
assorted;5
bosh;5
vikings;5
marantz;5
also;5
simply;5
waikiki;5
greenpoint;5
deep;5
multimedia;5
kalihi;5
box;5
nature;5
106;5
vary;5
110;5
117;5
129;5
138;5
tresseme;5
145;5
158;5
u2019keefe;5
196;5
197;5
southwood;5
paris;5
connect;4
b;4
e;4
g;4
u;4
frigidire;4
hask;4
com;4
teatree;4
202;4
206;4
208;4
chinatown;4
210;4
times;4
212;4
220;4
234;4
235;4
let;4
247;4
252;4
cabinet;4
labeled;4
280;4
296;4
acres;4
skid;4
307;4
clairemont;4
feel;4
312;4
319;4
includes;4
320;4
camelback;4
346;4
13;4
unique;4
loma;4
383;4
386;4
390;4
394;4
midea;4
steamer;4
98;4
caress;4
u00e9al;4
provision;4
moroccan;4
dyes;4
seccombe;4
paykal;4
fitness;4
u6f58;4
401;4
403;4
405;4
407;4
412;4
417;4
sharp;4
423;4
426;4
428;4
432;4
ecco;4
447;4
450;4
454;4
458;4
459;4
462;4
super;4
danby;4
johnson;4
473;4
locally;4
chemicals;4
489;4
thistle;4
490;4
color;4
shuffleboard;4
vegas;4
rain;4
atmos;4
501;4
503;4
505;4
507;4
he;4
very;4
514;4
515;4
fry;4
tressame;4
546;4
toxic;4
nu;4
578;4
583;4
591;4
u5a77;4
started;4
tj;4
separate;4
doves;4
up;4
argon;4
richland;4
development;4
wesley;4
vancouver;4
delthorne;4
botin;4
600;4
u2019or;4
611;4
live;4
there;4
american;4
heaven;4
ausie;4
693;4
lane;4
marino;4
okeefe;4
ward;4
has;4
multi;4
choice;4
hypoallergenic;4
replenish;4
bottle;4
u2019;4
bungalow;4
705;4
729;4
beko;4
boutique;4
chesterfield;4
papaya;4
five;4
bottom;4
guesthouse;4
turntable;4
bumble;4
unkn;4
row;4
ask;4
griddle;4
broan;4
broiler;4
simple;4
unbranded;4
u0113sop;4
allegheny;4
morningside;4
angel;4
105;4
upper;4
112;4
121;4
133;4
137;4
148;4
edenvale;4
176;4
zest;4
191;4
192;4
194;4
ilve;4
duarte;4
northwood;4
regular;4
panthene;4
filter;4
pantane;4
tbd;4
smooth;4
clothes;4
refreshing;4
minerals;3
mandeville;3
extracts;3
gold;3
salt;3
r;3
z;3
allston;3
better;3
biodegradable;3
buckley;3
domatic;3
premier;3
formaldehyde;3
203;3
try;3
theorie;3
pykel;3
231;3
state;3
242;3
243;3
availability;3
255;3
256;3
258;3
therappe;3
pinheiros;3
264;3
anker;3
source;3
273;3
279;3
ultimate;3
283;3
284;3
chevy;3
givesope;3
299;3
palm;3
three;3
golden;3
anti;3
undefined;3
artesia;3
paulo;3
particular;3
townsite;3
zogics;3
mild;3
bathing;3
oatmeal;3
possible;3
cowshed;3
varied;3
custom;3
babe;3
enviornmentally;3
marula;3
305;3
main;3
dry;3
322;3
324;3
329;3
bake;3
350;3
bang;3
receiver;3
16;3
17;3
athens;3
animal;3
21;3
23;3
26;3
375;3
376;3
mix;3
renewal;3
387;3
3in1;3
393;3
396;3
woodbury;3
cooker;3
appliance;3
79;3
cubic;3
westinghouse;3
healthy;3
collaborative;3
hallman;3
via;3
community;3
oakmont;3
sheamoisture;3
sweet;3
bosche;3
insigna;3
lauryl;3
eos;3
purify;3
crossing;3
406;3
410;3
414;3
415;3
416;3
share;3
419;3
ess;3
est;3
naked;3
431;3
finest;3
434;3
437;3
439;3
estate;3
441;3
capistrano;3
444;3
446;3
448;3
449;3
455;3
haven;3
463;3
martin;3
myers;3
483;3
484;3
485;3
491;3
493;3
494;3
496;3
griffin;3
far;3
depends;3
são;3
market;3
butter;3
nxr;3
nyc;3
an;3
as;3
cd;3
japanese;3
needs;3
fi;3
frizz;3
go;3
502;3
513;3
518;3
ie;3
521;3
524;3
gypsy;3
ud83c;3
534;3
538;3
541;3
548;3
549;3
553;3
brighton;3
563;3
569;3
tressemme;3
585;3
coco;3
593;3
594;3
595;3
599;3
u4ed6;3
adora;3
pull;3
commercial;3
aide;3
aromatherapy;3
cook;3
lockwood;3
eucalyptus;3
heos;3
wholefoods;3
environmentally;3
everybody;3
herm;3
compartment;3
greywater;3
miami;3
dermavera;3
european;3
605;3
young;3
chino;3
laureth;3
619;3
bigelow;3
627;3
635;3
per;3
picnic;3
breekman;3
640;3
646;3
651;3
cetaphil;3
working;3
italian;3
smoothing;3
pogessi;3
must;3
chase;3
goodfellows;3
u5176;3
hillcrest;3
poipu;3
mostly;3
gardens;3
700;3
713;3
cochran;3
onkyo;3
732;3
bell;3
castlemont;3
streaming;3
breeze;3
fiils;3
soul;3
mckesson;3
hawaiian;3
temperature;3
liebherr;3
whenever;3
kelley;3
frig;3
fable;3
mattapan;3
spectrum;3
ecoearth;3
u00e8s;3
nice;3
prefer;3
quantity;3
stevens;3
naturals;3
808;3
grocery;3
couple;3
remedy;3
shelf;3
ninja;3
semee;3
hempz;3
nothing;3
hyde;3
hamilton;3
jambox;3
amp;3
sassoon;3
kerastase;3
gentle;3
choices;3
botanica;3
solimo;3
amway;3
fancy;3
incline;3
style;3
bottles;3
crux;3
flamingo;3
vanguard;3
u00e9licen;3
see;3
dede;3
advanced;3
williamsburg;3
bathrooms;3
sls;3
brockmont;3
kessler;3
karaoke;3
hazelwood;3
107;3
113;3
116;3
118;3
123;3
128;3
udf4a;3
westmont;3
130;3
136;3
jose;3
143;3
144;3
1802;3
1801;3
publicgoods;3
153;3
157;3
160;3
167;3
168;3
170;3
171;3
173;3
174;3
175;3
freshscent;3
180;3
185;3
stone;3
188;3
streets;3
193;3
u043e;3
195;3
198;3
goat;3
moiiko;3
sage;3
u0414;3
individual;3
bertazonni;3
laguna;3
tcl;3
u0435;3
u0433;3
accent;3
u0440;3
u0443;3
hall;2
frigidair;2
energy;2
zilker;2
same;2
dominguez;2
flip;2
garland;2
j;2
m;2
thx;2
tjs;2
dolby;2
onyx;2
women;2
save;2
stockdale;2
too;2
vicking;2
kristen;2
holly;2
fuel;2
alden;2
kenra;2
dakar;2
pitcher;2
tower;2
sunbit;2
haircare;2
astoria;2
201;2
204;2
205;2
crabtree;2
lamar;2
216;2
225;2
herbalife;2
lagasse;2
lev;2
241;2
244;2
245;2
248;2
253;2
254;2
259;2
teal;2
thinq;2
teak;2
261;2
266;2
267;2
272;2
274;2
276;2
wolfe;2
manna;2
watkins;2
292;2
olufsen;2
lomas;2
restorative;2
addison;2
centro;2
hydrating;2
infusion;2
zone;2
maison;2
repairing;2
part;2
dora;2
ears;2
u4e0d;2
mcneil;2
haight;2
easy;2
kutch;2
attitude;2
paired;2
kenmor;2
tierra;2
tahquitz;2
whitter;2
bačvice;2
selectives;2
colloidal;2
human;2
u4e00;2
kucht;2
meile;2
rossmoyne;2
prell;2
dor;2
dov;2
feet;2
oppeal;2
newland;2
make;2
honokowai;2
mia;2
372;2
373;2
374;2
377;2
380;2
dye;2
389;2
mane;2
u7279;2
391;2
395;2
397;2
beltline;2
silkience;2
twin;2
waianae;2
marc;2
mop;2
nuwave;2
blends;2
rampart;2
voice;2
maya;2
treme;2
biorenew;2
mueller;2
buckhead;2
matrix;2
geotz;2
genelic;2
kadar;2
newer;2
mcintosh;2
vo5;2
traditions;2
agoura;2
special;2
berkeley;2
evelyn;2
hudson;2
connector;2
400;2
408;2
409;2
savon;2
420;2
422;2
424;2
425;2
427;2
blomberg;2
430;2
433;2
emeril;2
amino;2
individually;2
451;2
456;2
seaweed;2
korean;2
461;2
477;2
478;2
meadows;2
481;2
482;2
u5b9a;2
silky;2
492;2
beverage;2
showers;2
olaplex;2
thermidor;2
bloomberg;2
rotel;2
memorial;2
varries;2
way;2
urban;2
arlanza;2
foothills;2
metro;2
minneapolis;2
wen;2
rogers;2
phamacopia;2
used;2
orlando;2
u56fd;2
alpine;2
samsum;2
shine;2
visio;2
grow;2
yeonhui;2
bt;2
systems;2
adobe;2
food;2
de;2
do;2
girls;2
downstairs;2
allafia;2
fm;2
506;2
spaulding;2
509;2
hp;2
510;2
512;2
four;2
ii;2
verb;2
523;2
50s;2
531;2
532;2
537;2
kailua;2
539;2
flushing;2
542;2
lb;2
545;2
547;2
550;2
554;2
triunfo;2
mc;2
557;2
marshal;2
558;2
purified;2
560;2
561;2
562;2
somos;2
mixed;2
570;2
572;2
573;2
575;2
577;2
581;2
588;2
vermont;2
nation;2
s3;2
then;2
escondido;2
wandsworth;2
bridge;2
conference;2
rv;2
amika;2
pump;2
pandora;2
peacock;2
noir;2
this;2
idyllwild;2
changes;2
heil;2
wi;2
u4ea7;2
dana;2
anthony;2
obsessed;2
samples;2
norte;2
capacity;2
cool;2
sally;2
depth;2
tsubaki;2
prestige;2
youtube;2
lime;2
german;2
votary;2
novo;2
minifridge;2
fragrances;2
chill;2
bvlgari;2
kiels;2
pan;2
603;2
606;2
607;2
emerald;2
pear;2
613;2
617;2
618;2
sexy;2
thermodor;2
621;2
bertazoni;2
channel;2
pea;2
ultra;2
632;2
633;2
aveno;2
kinds;2
656;2
agave;2
fructise;2
names;2
663;2
nakamichi;2
670;2
672;2
chica;2
686;2
mitchel;2
automatic;2
islington;2
recuerdo;2
dispensers;2
kona;2
midtown;2
buena;2
pod;2
brauners;2
equate;2
artisinal;2
refresh;2
bedford;2
canopy;2
school;2
avenue;2
portola;2
belsera;2
playing;2
pert;2
beaverdale;2
wave;2
anything;2
yes;2
satinique;2
okay;2
slope;2
philosophy;2
beaches;2
grown;2
southpoint;2
biolage;2
sustain;2
their;2
levella;2
chic;2
soft;2
tahoe;2
iris;2
preference;2
alchemy;2
ashbury;2
moroccanoil;2
cremo;2
tail;2
diptyque;2
721;2
some;2
additional;2
730;2
just;2
2020;2
approximately;2
stuyvesant;2
hood;2
trailer;2
774;2
779;2
septic;2
keihl;2
calica;2
u201d;2
whrilpool;2
unscented;2
finn;2
renter;2
patene;2
pelanconi;2
handmade;2
richmond;2
vitamin;2
surfboard;2
mcginley;2
gourmet;2
u7684;2
boulevard;2
charleston;2
u00e8;2
fair;2
nick;2
carroll;2
oley;2
aquage;2
damaged;2
oontz;2
centennial;2
trade;2
sorts;2
silverado;2
lighting;2
802;2
sansung;2
rca;2
worldpool;2
816;2
redken;2
u5415;2
acid;2
831;2
choose;2
gasland;2
micro;2
aga;2
biokeratin;2
tressem;2
points;2
rear;2
edifer;2
clock;2
hybrid;2
demun;2
boil;2
app;2
parkside;2
okeef;2
conditioners;2
arc;2
branded;2
popular;2
cleanser;2
townhomes;2
through;2
neutrogenia;2
korres;2
show;2
pizza;2
connectivity;2
alizia;2
freezers;2
pattern;2
masterchef;2
cornue;2
pantien;2
blodgett;2
wrapped;2
daily;2
stratford;2
refrig;2
sam;2
seabury;2
say;2
front;2
wedge;2
napili;2
chemical;2
miscellaneous;2
westover;2
sample;2
rooms;2
antibacterial;2
jvc;2
france;2
reza;2
roasting;2
signa;2
u7bb1;2
lemon;2
andalou;2
sumsung;2
ihome;2
everything;2
fridgeaire;2
sol;2
lever;2
roots;2
tjmax;2
kai;2
bolsa;2
facial;2
earth;2
specialty;2
alchemist;2
132;2
139;2
saratoga;2
149;2
154;2
159;2
dynamic;2
164;2
169;2
brazilian;2
once;2
adults;2
marrocan;2
kauaʻi;2
technology;2
184;2
186;2
ones;2
199;2
ecoamenity;2
chavez;2
tulum;2
bruket;2
february;2
really;2
wella;2
half;1
approved;1
tee;1
magicchef;1
solid;1
u72ec;1
cds;1
triple;1
left;1
roll;1
karachi;1
balanced;1
midway;1
wiking;1
f;1
h;1
k;1
straight;1
q;1
powered;1
bronzeville;1
1013;1
erratic;1
roma;1
technics;1
minim;1
discs;1
naranjos;1
hard;1
projection;1
infusium;1
pioneers;1
roof;1
bioderma;1
nutrogena;1
pilot;1
byrd;1
suitable;1
porcelain;1
kennmore;1
5mins;1
pill;1
allergey;1
electrocompaniet;1
1058;1
flow;1
joico;1
riverpark;1
olympus;1
eletric;1
buckler;1
tom;1
roast;1
toy;1
vinegar;1
warmer;1
1092;1
itunes;1
tenderloin;1
adentro;1
cow;1
towel;1
coral;1
vizeo;1
airflow;1
less;1
doorice;1
totake;1
effective;1
floor;1
builtin;1
doctor;1
crescent;1
sport;1
led;1
pitt;1
236;1
238;1
honeywell;1
element;1
directtechnology;1
ivan;1
tvs;1
barsoap;1
deepwell;1
bellagio;1
cut;1
entertainment;1
soulder;1
panteene;1
dollars;1
lge;1
251;1
257;1
attach;1
262;1
269;1
bywater;1
remington;1
271;1
275;1
harding;1
liv;1
homes;1
chest;1
282;1
285;1
1948;1
away;1
293;1
dunes;1
1950;1
lexus;1
pituba;1
start;1
kristin;1
dustchgel;1
marvel;1
hotels;1
cooler;1
palo;1
lmk;1
toasts;1
midi;1
goodman;1
glanz;1
elliot;1
tresmme;1
solar;1
u98de;1
centra;1
zlc30;1
frige;1
ximen;1
airbnb;1
dan;1
zona;1
combination;1
drinking;1
dont;1
marigny;1
oleavine;1
paddle;1
relief;1
hemisferia;1
iw470;1
ues;1
gaffers;1
ivry;1
fullerton;1
lux;1
cube;1
crisp;1
240v;1
patios;1
dorm;1
u4e1d;1
domaic;1
prenzlauer;1
nuchef;1
dha;1
mind;1
diaby;1
dots;1
kheils;1
quarter;1
kitchaid;1
münchner;1
down;1
1137;1
exhaust;1
sumsong;1
back;1
racquetball;1
dispenses;1
originals;1
babo;1
spahaus;1
supplies;1
4206;1
frigedaire;1
field;1
rotisserie;1
westpark;1
u6c14;1
mántica;1
stream;1
man;1
stand;1
may;1
supplied;1
fortifying;1
notrigina;1
usa;1
nigel;1
altec;1
plantlife;1
honeysuckle;1
logi;1
pressure;1
bonner;1
321;1
skis;1
montgomery;1
included;1
iduction;1
wakey;1
dub;1
347;1
sonoma;1
duo;1
activated;1
khiels;1
elecetric;1
band;1
kuppersbusch;1
outer;1
coventry;1
willshire;1
huawang;1
remember;1
cedar;1
min;1
378;1
379;1
urbanears;1
u201chey;1
wirlpool;1
middle;1
though;1
everyday;1
nettoyant;1
treat;1
seven;1
399;1
berman;1
dynasty;1
algiers;1
sealed;1
crushed;1
mlk;1
needed;1
speed;1
gazal;1
lakes;1
kensington;1
southside;1
tatemville;1
beats;1
branville;1
bass;1
purecastile;1
u53f0;1
frigirdair;1
biology;1
brookstone;1
kitchenaad;1
organix;1
among;1
varias;1
crosley;1
copacabana;1
yuzu;1
lots;1
marley;1
spendor;1
lalalicious;1
virgenes;1
veu;1
seems;1
craig;1
avida;1
assistant;1
greens;1
electroux;1
blueland;1
greene;1
hands;1
egg;1
laptop;1
lavendar;1
vie;1
streeterville;1
yajie;1
logitec;1
cocoa;1
nutragena;1
cotta;1
sleek;1
ditmars;1
brandt;1
indigna;1
unlimited;1
coronado;1
sonon;1
screening;1
zoologics;1
palatino;1
boise;1
melon;1
sonic;1
elm;1
evergreen;1
hysapientia;1
oxnard;1
http;1
barbie;1
vol;1
strand;1
2in;1
environment;1
family;1
gueotz;1
riff;1
electrovoice;1
harlow;1
ecological;1
carver;1
seventh;1
camomile;1
2n1;1
404;1
sonus;1
bonnards;1
isles;1
heier;1
413;1
toms;1
amish;1
418;1
eastmoor;1
dyson;1
merrick;1
television;1
421;1
429;1
rosehip;1
microphones;1
436;1
438;1
sakura;1
settings;1
woods;1
acoustic;1
445;1
activate;1
cornwall;1
freiheit;1
floors;1
457;1
chose;1
douglas;1
adove;1
irishspring;1
evo;1
brava;1
genelec;1
466;1
469;1
rainforest;1
revolve;1
470;1
471;1
pears;1
allergy;1
speedcook;1
486;1
488;1
marcas;1
maybe;1
definitivetechnology;1
497;1
499;1
costanera;1
diliman;1
freestanding;1
pantin;1
u8005;1
moisturizer;1
foam;1
escalon;1
grapefruit;1
mitsubishi;1
sharing;1
whatever;1
whish;1
hidden;1
soundcore;1
tresomme;1
jardim;1
lavander;1
zatik;1
african;1
when;1
victrola;1
sasung;1
headshoulder;1
gro20p0w;1
keef;1
enabled;1
web;1
heads;1
few;1
hdmi;1
filtration;1
amans;1
cereal;1
antimi;1
outside;1
who;1
option;1
samsug;1
drinks;1
edgewater;1
grapeseed;1
harlem;1
collegen;1
a7;1
beatspill;1
vega;1
firestick;1
skins;1
daewoo;1
am;1
frididare;1
molokaʻi;1
d6;1
boerum;1
panel;1
foot;1
muchas;1
somme;1
ck;1
peñasquitos;1
cs;1
acton;1
vent;1
wof;1
wok;1
rare;1
tzafon;1
which;1
leiberr;1
et;1
never;1
argannatural;1
containers;1
carry;1
frame;1
watching;1
ga;1
digital;1
clara;1
gl;1
gm;1
504;1
hi;1
galantz;1
hk;1
vanicream;1
frence;1
william;1
fre;1
fro;1
io;1
crocker;1
martinlogan;1
522;1
527;1
atwood;1
jo;1
jr;1
whirl;1
530;1
533;1
u6216;1
ottawa;1
540;1
543;1
544;1
delleson;1
complete;1
soundlink;1
while;1
second;1
551;1
552;1
556;1
antique;1
avocado;1
months;1
mr;1
patcha;1
564;1
566;1
567;1
nennair;1
morogram;1
hammer;1
chambers;1
ns;1
574;1
576;1
579;1
dive;1
ok;1
rangetop;1
580;1
582;1
586;1
bertzzoni;1
oren;1
natutral;1
590;1
walsh;1
592;1
596;1
597;1
keffe;1
hundreds;1
abernethy;1
they;1
s4;1
redwood;1
fridigidaire;1
rt;1
strengthening;1
palmas;1
george;1
woodbridge;1
spotify;1
badminton;1
flower;1
closed;1
compressed;1
v9;1
uc;1
dali;1
kahala;1
us;1
casco;1
purchases;1
bronet;1
vo;1
x2;1
islandview;1
changed;1
snack;1
xbr;1
u6d77;1
cold;1
cole;1
assie;1
wide;1
hawaii;1
zenith;1
siemens;1
deeper;1
surrounds;1
kfar;1
teals;1
beyond;1
hazard;1
proof;1
phase;1
bragg;1
iphone;1
frideger;1
columbia;1
cooling;1
breakage;1
wilmersdorf;1
hemp;1
artisanal;1
belive;1
avantco;1
clarifying;1
heme;1
architectural;1
brandywine;1
sunny;1
like;1
sent;1
purpose;1
scalp;1
brita;1
bellevue;1
york;1
locations;1
wild;1
platter;1
remote;1
without;1
these;1
fairways;1
presnenskiy;1
nova;1
phebo;1
bakes;1
condo;1
aveena;1
yellow;1
gmo;1
heather;1
yashan;1
cider;1
josefov;1
kitchenet;1
paypaya;1
imperial;1
harmony;1
broadway;1
infusions;1
lacy;1
rillito;1
ourika;1
external;1
601;1
604;1
608;1
609;1
crested;1
netrogena;1
remove;1
caffeine;1
610;1
612;1
615;1
616;1
u2019ll;1
aiwa;1
alberto;1
624;1
60s;1
628;1
629;1
elmwood;1
631;1
634;1
637;1
638;1
shampo;1
corporation;1
641;1
install;1
643;1
644;1
647;1
volleyball;1
maryvale;1
649;1
instant;1
650;1
653;1
654;1
657;1
659;1
linear;1
661;1
roundtrip;1
664;1
666;1
668;1
669;1
671;1
traderjoes;1
673;1
677;1
ramona;1
678;1
pio;1
679;1
ritual;1
dispense;1
hepherr;1
684;1
toasting;1
streambar;1
homewerks;1
units;1
692;1
design;1
occitaine;1
buttons;1
lamp;1
4x4;1
pebble;1
pizzas;1
olfsen;1
want;1
sunrise;1
giving;1
u822c;1
wildemere;1
u9505;1
last;1
lossless;1
thicken;1
wallspeakers;1
newton;1
bowers;1
paulista;1
yet;1
wato;1
tray;1
vortex;1
floral;1
light;1
tiny;1
lawn;1
merril;1
tourist;1
ways;1
waring;1
cumbres;1
refridgerator;1
vernon;1
cetephil;1
urbanizacion;1
beam;1
before;1
trex;1
squash;1
major;1
bear;1
lozenets;1
tapping;1
convectir;1
careless;1
fruze;1
nostalgic;1
menlo;1
meat;1
cooper;1
alphabet;1
advance;1
liquide;1
pomegranate;1
u3001samsung;1
olusfsen;1
hotelera;1
foothill;1
redlands;1
southridge;1
avacado;1
islands;1
trying;1
appetizer;1
edify;1
cambodia;1
how;1
integral;1
assembly;1
june;1
southdale;1
restored;1
702;1
703;1
u2022;1
704;1
707;1
708;1
galana;1
hold;1
710;1
711;1
712;1
716;1
718;1
danon;1
719;1
take;1
720;1
jasons;1
722;1
723;1
relatively;1
70s;1
727;1
728;1
731;1
734;1
735;1
737;1
featuring;1
1950s;1
owner;1
zojirushi;1
2022;1
solo;1
lifts;1
741;1
742;1
baylis;1
746;1
costway;1
answers;1
gallaudet;1
750;1
gardner;1
751;1
755;1
759;1
sono;1
mario;1
butte;1
cream;1
aessop;1
766;1
gtkzw;1
roasts;1
greenwas;1
vidal;1
773;1
775;1
776;1
778;1
nourish;1
within;1
783;1
784;1
786;1
788;1
malone;1
791;1
794;1
797;1
towels;1
fine;1
berg;1
799;1
maximizer;1
international;1
turtle;1
undercounter;1
definitive;1
fill;1
horn;1
teriterra;1
bluesound;1
asop;1
prive;1
kenwood;1
paneled;1
opinions;1
villa;1
irving;1
bevo;1
fridigaire;1
cerave;1
frescent;1
pieces;1
christian;1
face;1
fish;1
junction;1
usualy;1
commercal;1
whirpoll;1
fits;1
idk;1
moana;1
soothing;1
update;1
towers;1
gulf;1
ject;1
mansion;1
udd08;1
pamtene;1
krupper;1
refugio;1
bosse;1
gulfton;1
u7a7a;1
oled;1
desirable;1
jennaire;1
antiguo;1
profession;1
araby;1
bushwick;1
boiled;1
requests;1
iio;1
kyle;1
u5927;1
paloma;1
forgot;1
okeffe;1
perfect;1
zlx;1
probake;1
u8d77;1
reference;1
chamber;1
vikinh;1
drawers;1
focal;1
ruth;1
professionals;1
danyo;1
annex;1
currently;1
kemore;1
growth;1
koolauloa;1
ion;1
paykell;1
u70b8;1
airport;1
800;1
801;1
charged;1
807;1
809;1
providing;1
control4;1
manual;1
dollar;1
814;1
gowanus;1
819;1
saint;1
scented;1
pulled;1
821;1
u70e4;1
icaraí;1
827;1
828;1
foreman;1
830;1
834;1
its;1
tecnogas;1
port;1
adjustable;1
dunhills;1
monarch;1
pasta;1
redkin;1
856;1
857;1
frye;1
message;1
ivy;1
truth;1
u6709;1
865;1
866;1
867;1
pushed;1
dude;1
woodcreek;1
smaller;1
hardy;1
madroñal;1
glycerin;1
acme;1
877;1
879;1
cookstove;1
eggs;1
chamomile;1
humectress;1
aim;1
botanika;1
courage;1
menotti;1
897;1
898;1
kitchenate;1
backto;1
powerful;1
future;1
u548c;1
royal;1
sattler;1
shef;1
kaanapali;1
lotion;1
superba;1
ala;1
applicable;1
touch;1
cannes;1
cafa;1
instaview;1
equipped;1
tunes;1
arrowbear;1
exos;1
until;1
ourplace;1
cake;1
english;1
broil;1
apt;1
wilkins;1
grade;1
sansam;1
bodywork;1
wirepool;1
matching;1
cuarto;1
arm;1
curly;1
wonderboom;1
frigidraire;1
hosford;1
wilson;1
thermardor;1
hipódromo;1
las551h;1
strength;1
mother;1
generics;1
jet;1
yourself;1
boosting;1
syng;1
everywhere;1
neighborhood;1
aus;1
shop;1
crestron;1
edition;1
lefferts;1
mono;1
gels;1
arrive;1
avr;1
vinyl;1
momentum;1
fregidaire;1
whiropool;1
clairol;1
greenerways;1
iced;1
cast;1
frost;1
generation;1
viii;1
violet;1
hollow;1
finesse;1
corktown;1
card;1
cherry;1
boss;1
ginseng;1
guard;1
australian;1
tempared;1
daisy;1
amberly;1
display;1
bluestar;1
u8fd8;1
canaán;1
england;1
kind;1
most;1
transfer;1
roper;1
hughes;1
alto;1
bowl;1
rinse;1
sal;1
move;1
alarms;1
enough;1
902;1
400gb;1
908;1
x1300w;1
westminster;1
draft;1
916;1
airfry;1
amanda;1
personal;1
plastic;1
bbs;1
heyday;1
alana;1
u2014both;1
936;1
compared;1
ovan;1
awesome;1
arcam;1
bdv;1
943;1
badescu;1
952;1
contact;1
verious;1
958;1
typically;1
shi;1
963;1
bonners;1
964;1
969;1
party;1
deer;1
steinway;1
bodyworks;1
avoid;1
model;1
crown;1
westridge;1
john;1
u5355;1
extras;1
zehr;1
greystone;1
world;1
mimico;1
change;1
libeher;1
thore;1
auto;1
eureka;1
several;1
portecelo;1
u662f;1
stapleton;1
uptown;1
loyola;1
e500w;1
bod;1
sasmung;1
bov;1
pyre;1
granier;1
boy;1
audiophile;1
leibherr;1
plays;1
hitachi;1
emotive;1
infrared;1
xenon;1
lorel;1
ascoli;1
120sw;1
zvox;1
safegaurd;1
corrêa;1
klipsh;1
atlanta;1
palermo;1
kef;1
extended;1
131;1
derm;1
sukhumvit;1
nbnb;1
lighter;1
dept;1
141;1
waialae;1
142;1
12p;1
luxs;1
ignite;1
proterra;1
pairs;1
152;1
155;1
hafler;1
randm;1
162;1
165;1
shikai;1
lalinde;1
holography;1
records;1
throughout;1
virtue;1
eastlake;1
183;1
swarzkof;1
cusinart;1
360xl;1
190;1
diferent;1
inches;1
u51b0;1
sprouts;1
suaze;1
delicatessen;1
technogas;1
seasonal;1
echos;1
feature;1
flat;1
fridgedair;1
pelican;1
della;1
greenwich;1
meadowbrook;1
ballpark;1
cooks;1
andover;1
sulphate;1
should;1
baristo;1
12inches;1
accepted;1
addtonal;1
noison;1
caf;1
shalem;1
tessemme;1
sunfire;1
flex;1
brookside;1
limited;1
rivas;1
u7076;1
atherton;1
oribe;1
